{
  "GuiConfig": null,
  "FilesInfo": {
    "ListOriFiles": [
      "Pathologic_Data\\resources.assets",
      "Pathologic_Data\\sharedassets0.assets"
    ],
    "ListXdeltaFiles": [
      "Pathologic_Data\\resources.assets.xdelta",
      "Pathologic_Data\\sharedassets0.assets.xdelta"
    ],
    "ListMd5Files": [
      "aee4d167e04928539ff5b6778fef7b85",
      "0c81b674e47933519de2c582e0b44b8e"
    ],
    "ListExcludeFiles": null
  },
  "Info": {
    "PatchId": 3,
    "PatchVersion": "1.2",
    "Changelog": "Correcciones y mejoras en la traducción."
  },
  "OutFolder": null,
  "TempFolder": null,
  "FilePath": null,
  "Platform": 1
}