{
  "GuiConfig": null,
  "FilesInfo": {
    "ListOriFiles": [
      "Pathologic_Data\\resources.assets",
      "Pathologic_Data\\sharedassets0.assets",
      "Data\\VirtualMachine\\MarbleNest\\Localizations\\english.txt",
      "Data\\VirtualMachine\\PathologicHaruspexIntro\\Localizations\\english.txt",
      "Data\\VirtualMachine\\PathologicPlagueIntro\\Localizations\\english.txt",
      "Data\\VirtualMachine\\PathologicSandbox\\Localizations\\english.txt"
    ],
    "ListXdeltaFiles": [
      "Pathologic_Data\\resources.assets.xdelta",
      "Pathologic_Data\\sharedassets0.assets.xdelta",
      "Data\\VirtualMachine\\MarbleNest\\Localizations\\english.txt.xdelta",
      "Data\\VirtualMachine\\PathologicHaruspexIntro\\Localizations\\english.txt.xdelta",
      "Data\\VirtualMachine\\PathologicPlagueIntro\\Localizations\\english.txt.xdelta",
      "Data\\VirtualMachine\\PathologicSandbox\\Localizations\\english.txt.xdelta"
    ],
    "ListMd5Files": [
      "7863d1e0c6650cf5e197044b80f7aedf",
      "0c81b674e47933519de2c582e0b44b8e",
      "0a3642e434e6597d56fb652bc54c6b2b",
      "df3983bb147edd9480d4c3d95eaea806",
      "6f8951f5e9b970ed6234cf66ca405a90",
      "879933544b64db4cd9e7264e577d4301"
    ],
    "ListExcludeFiles": null
  },
  "Info": {
    "PatchId": 10,
    "PatchVersion": "1.3",
    "Changelog": "DLC Marble Nest y correcciones de la traducción del juego base."
  },
  "OutFolder": null,
  "TempFolder": null,
  "FilePath": null,
  "Platform": 1
}